day,alive,forgotten,decayed_to_zero,degraded,released_today,evicted_today,vm_mean,vm_min,vm_max,vm_p25,vm_p50,vm_p75
0,10000,0,8627,0,8627,0,0.032,0.0,0.9756,0.0,0.0,0.0
1,10000,0,9367,0,9367,0,0.0127,0.0,0.7804,0.0,0.0,0.0
2,10000,0,9653,0,9653,0,0.0052,0.0,0.508,0.0,0.0,0.0
3,10000,0,9829,0,9829,0,0.0018,0.0,0.2691,0.0,0.0,0.0
4,10000,0,9955,0,9955,0,0.0003,0.0,0.116,0.0,0.0,0.0
5,10000,0,10000,0,10000,0,0.0,0.0,0.0,0.0,0.0,0.0
6,10000,0,10000,0,10000,0,0.0,0.0,0.0,0.0,0.0,0.0
7,10000,0,10000,1,10000,1,0.0,0.0,0.0,0.0,0.0,0.0
8,10000,0,10000,1,10000,0,0.0,0.0,0.0,0.0,0.0,0.0
9,10000,0,10000,1,10000,0,0.0,0.0,0.0,0.0,0.0,0.0
10,10000,0,10000,1,10000,0,0.0,0.0,0.0,0.0,0.0,0.0
11,10000,0,10000,1,10000,0,0.0,0.0,0.0,0.0,0.0,0.0
12,10000,0,10000,1,10000,0,0.0,0.0,0.0,0.0,0.0,0.0
13,10000,0,10000,1,10000,0,0.0,0.0,0.0,0.0,0.0,0.0
14,10000,0,10000,1,10000,1,0.0,0.0,0.0,0.0,0.0,0.0
15,10000,0,10000,1,10000,0,0.0,0.0,0.0,0.0,0.0,0.0
16,10000,0,10000,1,10000,0,0.0,0.0,0.0,0.0,0.0,0.0
17,10000,0,10000,1,10000,0,0.0,0.0,0.0,0.0,0.0,0.0
18,10000,0,10000,1,10000,0,0.0,0.0,0.0,0.0,0.0,0.0
19,10000,0,10000,1,10000,0,0.0,0.0,0.0,0.0,0.0,0.0
20,10000,0,10000,1,10000,0,0.0,0.0,0.0,0.0,0.0,0.0
21,10000,0,10000,1,10000,1,0.0,0.0,0.0,0.0,0.0,0.0
22,10000,0,10000,1,10000,0,0.0,0.0,0.0,0.0,0.0,0.0
23,10000,0,10000,1,10000,0,0.0,0.0,0.0,0.0,0.0,0.0
24,10000,0,10000,1,10000,0,0.0,0.0,0.0,0.0,0.0,0.0
25,10000,0,10000,1,10000,0,0.0,0.0,0.0,0.0,0.0,0.0
26,10000,0,10000,1,10000,0,0.0,0.0,0.0,0.0,0.0,0.0
27,10000,0,10000,1,10000,0,0.0,0.0,0.0,0.0,0.0,0.0
28,9999,1,9999,0,10000,1,0.0,0.0,0.0,0.0,0.0,0.0
29,9999,1,9999,0,9999,0,0.0,0.0,0.0,0.0,0.0,0.0
30,9999,1,9999,0,9999,0,0.0,0.0,0.0,0.0,0.0,0.0
31,9999,1,9999,0,9999,0,0.0,0.0,0.0,0.0,0.0,0.0
32,9999,1,9999,0,9999,0,0.0,0.0,0.0,0.0,0.0,0.0
33,9999,1,9999,0,9999,0,0.0,0.0,0.0,0.0,0.0,0.0
34,9999,1,9999,0,9999,0,0.0,0.0,0.0,0.0,0.0,0.0
35,9999,1,9999,1,9999,1,0.0,0.0,0.0,0.0,0.0,0.0
36,9999,1,9999,1,9999,0,0.0,0.0,0.0,0.0,0.0,0.0
37,9999,1,9999,1,9999,0,0.0,0.0,0.0,0.0,0.0,0.0
38,9999,1,9999,1,9999,0,0.0,0.0,0.0,0.0,0.0,0.0
39,9999,1,9999,1,9999,0,0.0,0.0,0.0,0.0,0.0,0.0
40,9999,1,9999,1,9999,0,0.0,0.0,0.0,0.0,0.0,0.0
41,9999,1,9999,1,9999,0,0.0,0.0,0.0,0.0,0.0,0.0
42,9999,1,9999,1,9999,1,0.0,0.0,0.0,0.0,0.0,0.0
43,9999,1,9999,1,9999,0,0.0,0.0,0.0,0.0,0.0,0.0
44,9999,1,9999,1,9999,0,0.0,0.0,0.0,0.0,0.0,0.0
45,9999,1,9999,1,9999,0,0.0,0.0,0.0,0.0,0.0,0.0
46,9999,1,9999,1,9999,0,0.0,0.0,0.0,0.0,0.0,0.0
47,9999,1,9999,1,9999,0,0.0,0.0,0.0,0.0,0.0,0.0
48,9999,1,9999,1,9999,0,0.0,0.0,0.0,0.0,0.0,0.0
49,9999,1,9999,1,9999,1,0.0,0.0,0.0,0.0,0.0,0.0
50,9999,1,9999,1,9999,0,0.0,0.0,0.0,0.0,0.0,0.0
51,9999,1,9999,1,9999,0,0.0,0.0,0.0,0.0,0.0,0.0
52,9999,1,9999,1,9999,0,0.0,0.0,0.0,0.0,0.0,0.0
53,9999,1,9999,1,9999,0,0.0,0.0,0.0,0.0,0.0,0.0
54,9999,1,9999,1,9999,0,0.0,0.0,0.0,0.0,0.0,0.0
55,9999,1,9999,1,9999,0,0.0,0.0,0.0,0.0,0.0,0.0
56,9998,2,9998,0,9999,1,0.0,0.0,0.0,0.0,0.0,0.0
57,9998,2,9998,0,9998,0,0.0,0.0,0.0,0.0,0.0,0.0
58,9998,2,9998,0,9998,0,0.0,0.0,0.0,0.0,0.0,0.0
59,9998,2,9998,0,9998,0,0.0,0.0,0.0,0.0,0.0,0.0
60,9998,2,9998,0,9998,0,0.0,0.0,0.0,0.0,0.0,0.0
61,9998,2,9998,0,9998,0,0.0,0.0,0.0,0.0,0.0,0.0
62,9998,2,9998,0,9998,0,0.0,0.0,0.0,0.0,0.0,0.0
63,9998,2,9998,1,9998,1,0.0,0.0,0.0,0.0,0.0,0.0
64,9998,2,9998,1,9998,0,0.0,0.0,0.0,0.0,0.0,0.0
65,9998,2,9998,1,9998,0,0.0,0.0,0.0,0.0,0.0,0.0
66,9998,2,9998,1,9998,0,0.0,0.0,0.0,0.0,0.0,0.0
67,9998,2,9998,1,9998,0,0.0,0.0,0.0,0.0,0.0,0.0
68,9998,2,9998,1,9998,0,0.0,0.0,0.0,0.0,0.0,0.0
69,9998,2,9998,1,9998,0,0.0,0.0,0.0,0.0,0.0,0.0
70,9998,2,9998,1,9998,1,0.0,0.0,0.0,0.0,0.0,0.0
71,9998,2,9998,1,9998,0,0.0,0.0,0.0,0.0,0.0,0.0
72,9998,2,9998,1,9998,0,0.0,0.0,0.0,0.0,0.0,0.0
73,9998,2,9998,1,9998,0,0.0,0.0,0.0,0.0,0.0,0.0
74,9998,2,9998,1,9998,0,0.0,0.0,0.0,0.0,0.0,0.0
75,9998,2,9998,1,9998,0,0.0,0.0,0.0,0.0,0.0,0.0
76,9998,2,9998,1,9998,0,0.0,0.0,0.0,0.0,0.0,0.0
77,9998,2,9998,1,9998,1,0.0,0.0,0.0,0.0,0.0,0.0
78,9998,2,9998,1,9998,0,0.0,0.0,0.0,0.0,0.0,0.0
79,9998,2,9998,1,9998,0,0.0,0.0,0.0,0.0,0.0,0.0
80,9998,2,9998,1,9998,0,0.0,0.0,0.0,0.0,0.0,0.0
81,9998,2,9998,1,9998,0,0.0,0.0,0.0,0.0,0.0,0.0
82,9998,2,9998,1,9998,0,0.0,0.0,0.0,0.0,0.0,0.0
83,9998,2,9998,1,9998,0,0.0,0.0,0.0,0.0,0.0,0.0
84,9997,3,9997,0,9998,1,0.0,0.0,0.0,0.0,0.0,0.0
85,9997,3,9997,0,9997,0,0.0,0.0,0.0,0.0,0.0,0.0
86,9997,3,9997,0,9997,0,0.0,0.0,0.0,0.0,0.0,0.0
87,9997,3,9997,0,9997,0,0.0,0.0,0.0,0.0,0.0,0.0
88,9997,3,9997,0,9997,0,0.0,0.0,0.0,0.0,0.0,0.0
89,9997,3,9997,0,9997,0,0.0,0.0,0.0,0.0,0.0,0.0
